{
  "/home/mateus/doc/vs050_mujoco/test_env.py": 1776906962.8233855,
  "/home/mateus/doc/vs050_mujoco/tests/test_env.py": 1776943196.7930205,
  "/home/mateus/doc/vs050_mujoco/src/vs050_mujoco/__init__.py": 1776906530.3518379,
  "/home/mateus/doc/vs050_mujoco/src/vs050_mujoco/models/visualize.py": 1776941205.1596286,
  "/home/mateus/doc/vs050_mujoco/src/vs050_mujoco/envs/pick_and_place_env.py": 1776947293.8742208,
  "/home/mateus/doc/vs050_mujoco/src/vs050_mujoco/envs/reach_pose_env.py": 1776901411.7861874,
  "/home/mateus/doc/vs050_mujoco/src/vs050_mujoco/envs/__init__.py": 1776888720.1471634,
  "/home/mateus/doc/vs050_mujoco/AGENTS.md": 1776941002.1103282,
  "/home/mateus/doc/vs050_mujoco/MUJOCO_LOG.TXT": 1776943433.4570003,
  "/home/mateus/doc/vs050_mujoco/README.md": 1776906447.4015002,
  "/home/mateus/doc/vs050_mujoco/src/vs050_mujoco/models/README.md": 1776941158.874016,
  "/home/mateus/doc/vs050_mujoco/src/vs050_mujoco/envs/README.md": 1776910786.5352802,
  "/home/mateus/doc/vs050_mujoco/assets/reach_pose.gif": 1776894942.1826613,
  "/home/mateus/doc/vs050_mujoco/assets/pick_and_place.gif": 1773848206.3717062,
  "/home/mateus/doc/vs050_mujoco/assets/vs050_2f85.png": 1773844452.5169482
}